Workbook
Name StudentsPerformance: StudentsPerformance!$A$1:$O$1001

Sheet StudentsPerformance
A1: Student ID | B1: Gender | C1: Race/Ethnicity | D1: Parental Level Of Education | E1: Lunch | F1: Test Preparation Course | G1: Math Score | H1: Maths Rank | I1: Math Grade | J1: Reading Score | K1: Reading Rank | L1: Reading Grade | M1: Writing Score | N1: Writing Rank | O1: Writing Grade | P1: Total Score | Q1: Fail Count | R1: Flag
A2: ="Stu-"&TEXT(ROW()-1,"000") -> Stu-001 | B2: Female | C2: Group B | D2: Bachelor's Degree | E2: Standard | F2: None | G2: 72 | H2: =RANK(G2,$G$2:$G$1001,0)+COUNTIF($G$2:G2,G2)-1 -> 348 | I2: =INDEX('Boundary table'!$B$3:$B$7,MATCH(G2,'Boundary table'!$A$3:$A$7,1)) -> C | J2: 72 | K2: =RANK(J2,$J$2:$J$1001,0)+COUNTIF($J$2:J2,J2)-1 -> 434 | L2: =INDEX('Boundary table'!$B$3:$B$7,MATCH(J2,'Boundary table'!$A$3:$A$7,1)) -> C | M2: 74 | N2: =RANK(M2,$M$2:$M$1001,0)+COUNTIF($M$2:M2,M2)-1 -> 351 | O2: =INDEX('Boundary table'!$B$3:$B$7,MATCH(M2,'Boundary table'!$A$3:$A$7)) -> C | P2: =Table1[[#This Row],[Math Score]]+Table1[[#This Row],[Reading Score]]+Table1[[#This Row],[Writing Score]] -> 218 | Q2: =COUNTIF(Table1[[#This Row],[Math Score]],"<60")+COUNTIF(Table1[[#This Row],[Reading Score]],"<60")+COUNTIF(Table1[[#This Row],[Writing Score]],"<60") -> 0 | R2: =IF(Table1[[#This Row],[Fail Count]]>=2,"At risk","OK") -> OK
A3: ="Stu-"&TEXT(ROW()-1,"000") -> Stu-002 | B3: Female | C3: Group C | D3: Some College | E3: Standard | F3: Completed | G3: 69 | H3: =RANK(G3,$G$2:$G$1001,0)+COUNTIF($G$2:G3,G3)-1 -> 410 | I3: =INDEX('Boundary table'!$B$3:$B$7,MATCH(G3,'Boundary table'!$A$3:$A$7,1)) -> D | J3: 90 | K3: =RANK(J3,$J$2:$J$1001,0)+COUNTIF($J$2:J3,J3)-1 -> 63 | L3: =INDEX('Boundary table'!$B$3:$B$7,MATCH(J3,'Boundary table'!$A$3:$A$7,1)) -> A | M3: 88 | N3: =RANK(M3,$M$2:$M$1001,0)+COUNTIF($M$2:M3,M3)-1 -> 88 | O3: =INDEX('Boundary table'!$B$3:$B$7,MATCH(M3,'Boundary table'!$A$3:$A$7)) -> B | P3: =Table1[[#This Row],[Math Score]]+Table1[[#This Row],[Reading Score]]+Table1[[#This Row],[Writing Score]] -> 247 | Q3: =COUNTIF(Table1[[#This Row],[Math Score]],"<60")+COUNTIF(Table1[[#This Row],[Reading Score]],"<60")+COUNTIF(Table1[[#This Row],[Writing Score]],"<60") -> 0 | R3: =IF(Table1[[#This Row],[Fail Count]]>=2,"At risk","OK") -> OK
A4: ="Stu-"&TEXT(ROW()-1,"000") -> Stu-003 | B4: Female | C4: Group B | D4: Master's Degree | E4: Standard | F4: None | G4: 90 | H4: =RANK(G4,$G$2:$G$1001,0)+COUNTIF($G$2:G4,G4)-1 -> 51 | I4: =INDEX('Boundary table'!$B$3:$B$7,MATCH(G4,'Boundary table'!$A$3:$A$7,1)) -> A | J4: 95 | K4: =RANK(J4,$J$2:$J$1001,0)+COUNTIF($J$2:J4,J4)-1 -> 30 | L4: =INDEX('Boundary table'!$B$3:$B$7,MATCH(J4,'Boundary table'!$A$3:$A$7,1)) -> A | M4: 93 | N4: =RANK(M4,$M$2:$M$1001,0)+COUNTIF($M$2:M4,M4)-1 -> 41 | O4: =INDEX('Boundary table'!$B$3:$B$7,MATCH(M4,'Boundary table'!$A$3:$A$7)) -> A | P4: =Table1[[#This Row],[Math Score]]+Table1[[#This Row],[Reading Score]]+Table1[[#This Row],[Writing Score]] -> 278 | Q4: =COUNTIF(Table1[[#This Row],[Math Score]],"<60")+COUNTIF(Table1[[#This Row],[Reading Score]],"<60")+COUNTIF(Table1[[#This Row],[Writing Score]],"<60") -> 0 | R4: =IF(Table1[[#This Row],[Fail Count]]>=2,"At risk","OK") -> OK
A5: ="Stu-"&TEXT(ROW()-1,"000") -> Stu-004 | B5: Male | C5: Group A | D5: Associate's Degree | E5: Free/Reduced | F5: None | G5: 47 | H5: =RANK(G5,$G$2:$G$1001,0)+COUNTIF($G$2:G5,G5)-1 -> 894 | I5: =INDEX('Boundary table'!$B$3:$B$7,MATCH(G5,'Boundary table'!$A$3:$A$7,1)) -> F | J5: 57 | K5: =RANK(J5,$J$2:$J$1001,0)+COUNTIF($J$2:J5,J5)-1 -> 792 | L5: =INDEX('Boundary table'!$B$3:$B$7,MATCH(J5,'Boundary table'!$A$3:$A$7,1)) -> F | M5: 44 | N5: =RANK(M5,$M$2:$M$1001,0)+COUNTIF($M$2:M5,M5)-1 -> 931 | O5: =INDEX('Boundary table'!$B$3:$B$7,MATCH(M5,'Boundary table'!$A$3:$A$7)) -> F | P5: =Table1[[#This Row],[Math Score]]+Table1[[#This Row],[Reading Score]]+Table1[[#This Row],[Writing Score]] -> 148 | Q5: =COUNTIF(Table1[[#This Row],[Math Score]],"<60")+COUNTIF(Table1[[#This Row],[Reading Score]],"<60")+COUNTIF(Table1[[#This Row],[Writing Score]],"<60") -> 3 | R5: =IF(Table1[[#This Row],[Fail Count]]>=2,"At risk","OK") -> At risk | T5: =COUNT(G4:M4) -> 5
A6: ="Stu-"&TEXT(ROW()-1,"000") -> Stu-005 | B6: Male | C6: Group C | D6: Some College | E6: Standard | F6: None | G6: 76 | H6: =RANK(G6,$G$2:$G$1001,0)+COUNTIF($G$2:G6,G6)-1 -> 254 | I6: =INDEX('Boundary table'!$B$3:$B$7,MATCH(G6,'Boundary table'!$A$3:$A$7,1)) -> C | J6: 78 | K6: =RANK(J6,$J$2:$J$1001,0)+COUNTIF($J$2:J6,J6)-1 -> 269 | L6: =INDEX('Boundary table'!$B$3:$B$7,MATCH(J6,'Boundary table'!$A$3:$A$7,1)) -> C | M6: 75 | N6: =RANK(M6,$M$2:$M$1001,0)+COUNTIF($M$2:M6,M6)-1 -> 329 | O6: =INDEX('Boundary table'!$B$3:$B$7,MATCH(M6,'Boundary table'!$A$3:$A$7)) -> C | P6: =Table1[[#This Row],[Math Score]]+Table1[[#This Row],[Reading Score]]+Table1[[#This Row],[Writing Score]] -> 229 | Q6: =COUNTIF(Table1[[#This Row],[Math Score]],"<60")+COUNTIF(Table1[[#This Row],[Reading Score]],"<60")+COUNTIF(Table1[[#This Row],[Writing Score]],"<60") -> 0 | R6: =IF(Table1[[#This Row],[Fail Count]]>=2,"At risk","OK") -> OK
A7: ="Stu-"&TEXT(ROW()-1,"000") -> Stu-006 | B7: Female | C7: Group B | D7: Associate's Degree | E7: Standard | F7: None | G7: 71 | H7: =RANK(G7,$G$2:$G$1001,0)+COUNTIF($G$2:G7,G7)-1 -> 366 | I7: =INDEX('Boundary table'!$B$3:$B$7,MATCH(G7,'Boundary table'!$A$3:$A$7,1)) -> C | J7: 83 | K7: =RANK(J7,$J$2:$J$1001,0)+COUNTIF($J$2:J7,J7)-1 -> 177 | L7: =INDEX('Boundary table'!$B$3:$B$7,MATCH(J7,'Boundary table'!$A$3:$A$7,1)) -> B | M7: 78 | N7: =RANK(M7,$M$2:$M$1001,0)+COUNTIF($M$2:M7,M7)-1 -> 255 | O7: =INDEX('Boundary table'!$B$3:$B$7,MATCH(M7,'Boundary table'!$A$3:$A$7)) -> C | P7: =Table1[[#This Row],[Math Score]]+Table1[[#This Row],[Reading Score]]+Table1[[#This Row],[Writing Score]] -> 232 | Q7: =COUNTIF(Table1[[#This Row],[Math Score]],"<60")+COUNTIF(Table1[[#This Row],[Reading Score]],"<60")+COUNTIF(Table1[[#This Row],[Writing Score]],"<60") -> 0 | R7: =IF(Table1[[#This Row],[Fail Count]]>=2,"At risk","OK") -> OK
A8: ="Stu-"&TEXT(ROW()-1,"000") -> Stu-007 | B8: Female | C8: Group B | D8: Some College | E8: Standard | F8: Completed | G8: 88 | H8: =RANK(G8,$G$2:$G$1001,0)+COUNTIF($G$2:G8,G8)-1 -> 65 | I8: =INDEX('Boundary table'!$B$3:$B$7,MATCH(G8,'Boundary table'!$A$3:$A$7,1)) -> B | J8: 95 | K8: =RANK(J8,$J$2:$J$1001,0)+COUNTIF($J$2:J8,J8)-1 -> 31 | L8: =INDEX('Boundary table'!$B$3:$B$7,MATCH(J8,'Boundary table'!$A$3:$A$7,1)) -> A | M8: 92 | N8: =RANK(M8,$M$2:$M$1001,0)+COUNTIF($M$2:M8,M8)-1 -> 49 | O8: =INDEX('Boundary table'!$B$3:$B$7,MATCH(M8,'Boundary table'!$A$3:$A$7)) -> A | P8: =Table1[[#This Row],[Math Score]]+Table1[[#This Row],[Reading Score]]+Table1[[#This Row],[Writing Score]] -> 275 | Q8: =COUNTIF(Table1[[#This Row],[Math Score]],"<60")+COUNTIF(Table1[[#This Row],[Reading Score]],"<60")+COUNTIF(Table1[[#This Row],[Writing Score]],"<60") -> 0 | R8: =IF(Table1[[#This Row],[Fail Count]]>=2,"At risk","OK") -> OK
A9: ="Stu-"&TEXT(ROW()-1,"000") -> Stu-008 | B9: Male | C9: Group B | D9: Some College | E9: Free/Reduced | F9: None | G9: 40 | H9: =RANK(G9,$G$2:$G$1001,0)+COUNTIF($G$2:G9,G9)-1 -> 951 | I9: =INDEX('Boundary table'!$B$3:$B$7,MATCH(G9,'Boundary table'!$A$3:$A$7,1)) -> F | J9: 43 | K9: =RANK(J9,$J$2:$J$1001,0)+COUNTIF($J$2:J9,J9)-1 -> 952 | L9: =INDEX('Boundary table'!$B$3:$B$7,MATCH(J9,'Boundary table'!$A$3:$A$7,1)) -> F | M9: 39 | N9: =RANK(M9,$M$2:$M$1001,0)+COUNTIF($M$2:M9,M9)-1 -> 969 | O9: =INDEX('Boundary table'!$B$3:$B$7,MATCH(M9,'Boundary table'!$A$3:$A$7)) -> F | P9: =Table1[[#This Row],[Math Score]]+Table1[[#This Row],[Reading Score]]+Table1[[#This Row],[Writing Score]] -> 122 | Q9: =COUNTIF(Table1[[#This Row],[Math Score]],"<60")+COUNTIF(Table1[[#This Row],[Reading Score]],"<60")+COUNTIF(Table1[[#This Row],[Writing Score]],"<60") -> 3 | R9: =IF(Table1[[#This Row],[Fail Count]]>=2,"At risk","OK") -> At risk
A10: ="Stu-"&TEXT(ROW()-1,"000") -> Stu-009 | B10: Male | C10: Group D | D10: High School | E10: Free/Reduced | F10: Completed | G10: 64 | H10: =RANK(G10,$G$2:$G$1001,0)+COUNTIF($G$2:G10,G10)-1 -> 554 | I10: =INDEX('Boundary table'!$B$3:$B$7,MATCH(G10,'Boundary table'!$A$3:$A$7,1)) -> D | J10: 64 | K10: =RANK(J10,$J$2:$J$1001,0)+COUNTIF($J$2:J10,J10)-1 -> 628 | L10: =INDEX('Boundary table'!$B$3:$B$7,MATCH(J10,'Boundary table'!$A$3:$A$7,1)) -> D | M10: 67 | N10: =RANK(M10,$M$2:$M$1001,0)+COUNTIF($M$2:M10,M10)-1 -> 544 | O10: =INDEX('Boundary table'!$B$3:$B$7,MATCH(M10,'Boundary table'!$A$3:$A$7)) -> D | P10: =Table1[[#This Row],[Math Score]]+Table1[[#This Row],[Reading Score]]+Table1[[#This Row],[Writing Score]] -> 195 | Q10: =COUNTIF(Table1[[#This Row],[Math Score]],"<60")+COUNTIF(Table1[[#This Row],[Reading Score]],"<60")+COUNTIF(Table1[[#This Row],[Writing Score]],"<60") -> 0 | R10: =IF(Table1[[#This Row],[Fail Count]]>=2,"At risk","OK") -> OK
A11: ="Stu-"&TEXT(ROW()-1,"000") -> Stu-010 | B11: Female | C11: Group B | D11: High School | E11: Free/Reduced | F11: None | G11: 38 | H11: =RANK(G11,$G$2:$G$1001,0)+COUNTIF($G$2:G11,G11)-1 -> 965 | I11: =INDEX('Boundary table'!$B$3:$B$7,MATCH(G11,'Boundary table'!$A$3:$A$7,1)) -> F | J11: 60 | K11: =RANK(J11,$J$2:$J$1001,0)+COUNTIF($J$2:J11,J11)-1 -> 726 | L11: =INDEX('Boundary table'!$B$3:$B$7,MATCH(J11,'Boundary table'!$A$3:$A$7,1)) -> D | M11: 50 | N11: =RANK(M11,$M$2:$M$1001,0)+COUNTIF($M$2:M11,M11)-1 -> 877 | O11: =INDEX('Boundary table'!$B$3:$B$7,MATCH(M11,'Boundary table'!$A$3:$A$7)) -> F | P11: =Table1[[#This Row],[Math Score]]+Table1[[#This Row],[Reading Score]]+Table1[[#This Row],[Writing Score]] -> 148 | Q11: =COUNTIF(Table1[[#This Row],[Math Score]],"<60")+COUNTIF(Table1[[#This Row],[Reading Score]],"<60")+COUNTIF(Table1[[#This Row],[Writing Score]],"<60") -> 2 | R11: =IF(Table1[[#This Row],[Fail Count]]>=2,"At risk","OK") -> At risk
A12: ="Stu-"&TEXT(ROW()-1,"000") -> Stu-011 | B12: Male | C12: Group C | D12: Associate's Degree | E12: Standard | F12: None | G12: 58 | H12: =RANK(G12,$G$2:$G$1001,0)+COUNTIF($G$2:G12,G12)-1 -> 710 | I12: =INDEX('Boundary table'!$B$3:$B$7,MATCH(G12,'Boundary table'!$A$3:$A$7,1)) -> F | J12: 54 | K12: =RANK(J12,$J$2:$J$1001,0)+COUNTIF($J$2:J12,J12)-1 -> 841 | L12: =INDEX('Boundary table'!$B$3:$B$7,MATCH(J12,'Boundary table'!$A$3:$A$7,1)) -> F | M12: 52 | N12: =RANK(M12,$M$2:$M$1001,0)+COUNTIF($M$2:M12,M12)-1 -> 840 | O12: =INDEX('Boundary table'!$B$3:$B$7,MATCH(M12,'Boundary table'!$A$3:$A$7)) -> F | P12: =Table1[[#This Row],[Math Score]]+Table1[[#This Row],[Reading Score]]+Table1[[#This Row],[Writing Score]] -> 164 | Q12: =COUNTIF(Table1[[#This Row],[Math Score]],"<60")+COUNTIF(Table1[[#This Row],[Reading Score]],"<60")+COUNTIF(Table1[[#This Row],[Writing Score]],"<60") -> 3 | R12: =IF(Table1[[#This Row],[Fail Count]]>=2,"At risk","OK") -> At risk
A13: ="Stu-"&TEXT(ROW()-1,"000") -> Stu-012 | B13: Male | C13: Group D | D13: Associate's Degree | E13: Standard | F13: None | G13: 40 | H13: =RANK(G13,$G$2:$G$1001,0)+COUNTIF($G$2:G13,G13)-1 -> 952 | I13: =INDEX('Boundary table'!$B$3:$B$7,MATCH(G13,'Boundary table'!$A$3:$A$7,1)) -> F | J13: 52 | K13: =RANK(J13,$J$2:$J$1001,0)+COUNTIF($J$2:J13,J13)-1 -> 872 | L13: =INDEX('Boundary table'!$B$3:$B$7,MATCH(J13,'Boundary table'!$A$3:$A$7,1)) -> F | M13: 43 | N13: =RANK(M13,$M$2:$M$1001,0)+COUNTIF($M$2:M13,M13)-1 -> 939 | O13: =INDEX('Boundary table'!$B$3:$B$7,MATCH(M13,'Boundary table'!$A$3:$A$7)) -> F | P13: =Table1[[#This Row],[Math Score]]+Table1[[#This Row],[Reading Score]]+Table1[[#This Row],[Writing Score]] -> 135 | Q13: =COUNTIF(Table1[[#This Row],[Math Score]],"<60")+COUNTIF(Table1[[#This Row],[Reading Score]],"<60")+COUNTIF(Table1[[#This Row],[Writing Score]],"<60") -> 3 | R13: =IF(Table1[[#This Row],[Fail Count]]>=2,"At risk","OK") -> At risk
A14: ="Stu-"&TEXT(ROW()-1,"000") -> Stu-013 | B14: Female | C14: Group B | D14: High School | E14: Standard | F14: None | G14: 65 | H14: =RANK(G14,$G$2:$G$1001,0)+COUNTIF($G$2:G14,G14)-1 -> 518 | I14: =INDEX('Boundary table'!$B$3:$B$7,MATCH(G14,'Boundary table'!$A$3:$A$7,1)) -> D | J14: 81 | K14: =RANK(J14,$J$2:$J$1001,0)+COUNTIF($J$2:J14,J14)-1 -> 211 | L14: =INDEX('Boundary table'!$B$3:$B$7,MATCH(J14,'Boundary table'!$A$3:$A$7,1)) -> B | M14: 73 | N14: =RANK(M14,$M$2:$M$1001,0)+COUNTIF($M$2:M14,M14)-1 -> 386 | O14: =INDEX('Boundary table'!$B$3:$B$7,MATCH(M14,'Boundary table'!$A$3:$A$7)) -> C | P14: =Table1[[#This Row],[Math Score]]+Table1[[#This Row],[Reading Score]]+Table1[[#This Row],[Writing Score]] -> 219 | Q14: =COUNTIF(Table1[[#This Row],[Math Score]],"<60")+COUNTIF(Table1[[#This Row],[Reading Score]],"<60")+COUNTIF(Table1[[#This Row],[Writing Score]],"<60") -> 0 | R14: =IF(Table1[[#This Row],[Fail Count]]>=2,"At risk","OK") -> OK
A15: ="Stu-"&TEXT(ROW()-1,"000") -> Stu-014 | B15: Male | C15: Group A | D15: Some College | E15: Standard | F15: Completed | G15: 78 | H15: =RANK(G15,$G$2:$G$1001,0)+COUNTIF($G$2:G15,G15)-1 -> 216 | I15: =INDEX('Boundary table'!$B$3:$B$7,MATCH(G15,'Boundary table'!$A$3:$A$7,1)) -> C | J15: 72 | K15: =RANK(J15,$J$2:$J$1001,0)+COUNTIF($J$2:J15,J15)-1 -> 435 | L15: =INDEX('Boundary table'!$B$3:$B$7,MATCH(J15,'Boundary table'!$A$3:$A$7,1)) -> C | M15: 70 | N15: =RANK(M15,$M$2:$M$1001,0)+COUNTIF($M$2:M15,M15)-1 -> 457 | O15: =INDEX('Boundary table'!$B$3:$B$7,MATCH(M15,'Boundary table'!$A$3:$A$7)) -> C | P15: =Table1[[#This Row],[Math Score]]+Table1[[#This Row],[Reading Score]]+Table1[[#This Row],[Writing Score]] -> 220 | Q15: =COUNTIF(Table1[[#This Row],[Math Score]],"<60")+COUNTIF(Table1[[#This Row],[Reading Score]],"<60")+COUNTIF(Table1[[#This Row],[Writing Score]],"<60") -> 0 | R15: =IF(Table1[[#This Row],[Fail Count]]>=2,"At risk","OK") -> OK
A16: ="Stu-"&TEXT(ROW()-1,"000") -> Stu-015 | B16: Female | C16: Group A | D16: Master's Degree | E16: Standard | F16: None | G16: 50 | H16: =RANK(G16,$G$2:$G$1001,0)+COUNTIF($G$2:G16,G16)-1 -> 851 | I16: =INDEX('Boundary table'!$B$3:$B$7,MATCH(G16,'Boundary table'!$A$3:$A$7,1)) -> F | J16: 53 | K16: =RANK(J16,$J$2:$J$1001,0)+COUNTIF($J$2:J16,J16)-1 -> 859 | L16: =INDEX('Boundary table'!$B$3:$B$7,MATCH(J16,'Boundary table'!$A$3:$A$7,1)) -> F | M16: 58 | N16: =RANK(M16,$M$2:$M$1001,0)+COUNTIF($M$2:M16,M16)-1 -> 733 | O16: =INDEX('Boundary table'!$B$3:$B$7,MATCH(M16,'Boundary table'!$A$3:$A$7)) -> F | P16: =Table1[[#This Row],[Math Score]]+Table1[[#This Row],[Reading Score]]+Table1[[#This Row],[Writing Score]] -> 161 | Q16: =COUNTIF(Table1[[#This Row],[Math Score]],"<60")+COUNTIF(Table1[[#This Row],[Reading Score]],"<60")+COUNTIF(Table1[[#This Row],[Writing Score]],"<60") -> 3 | R16: =IF(Table1[[#This Row],[Fail Count]]>=2,"At risk","OK") -> At risk
A17: ="Stu-"&TEXT(ROW()-1,"000") -> Stu-016 | B17: Female | C17: Group C | D17: Some High School | E17: Standard | F17: None | G17: 69 | H17: =RANK(G17,$G$2:$G$1001,0)+COUNTIF($G$2:G17,G17)-1 -> 411 | I17: =INDEX('Boundary table'!$B$3:$B$7,MATCH(G17,'Boundary table'!$A$3:$A$7,1)) -> D | J17: 75 | K17: =RANK(J17,$J$2:$J$1001,0)+COUNTIF($J$2:J17,J17)-1 -> 345 | L17: =INDEX('Boundary table'!$B$3:$B$7,MATCH(J17,'Boundary table'!$A$3:$A$7,1)) -> C | M17: 78 | N17: =RANK(M17,$M$2:$M$1001,0)+COUNTIF($M$2:M17,M17)-1 -> 256 | O17: =INDEX('Boundary table'!$B$3:$B$7,MATCH(M17,'Boundary table'!$A$3:$A$7)) -> C | P17: =Table1[[#This Row],[Math Score]]+Table1[[#This Row],[Reading Score]]+Table1[[#This Row],[Writing Score]] -> 222 | Q17: =COUNTIF(Table1[[#This Row],[Math Score]],"<60")+COUNTIF(Table1[[#This Row],[Reading Score]],"<60")+COUNTIF(Table1[[#This Row],[Writing Score]],"<60") -> 0 | R17: =IF(Table1[[#This Row],[Fail Count]]>=2,"At risk","OK") -> OK
... A1001: ="Stu-"&TEXT(ROW()-1,"000") -> Stu-1000 | B1001: Female | C1001: Group D | D1001: Some College | E1001: Free/Reduced | F1001: None | G1001: 77 | H1001: =RANK(G1001,$G$2:$G$1001,0)+COUNTIF($G$2:G1001,G1001)-1 -> 253 | I1001: =INDEX('Boundary table'!$B$3:$B$7,MATCH(G1001,'Boundary table'!$A$3:$A$7,1)) -> C | J1001: 86 | K1001: =RANK(J1001,$J$2:$J$1001,0)+COUNTIF($J$2:J1001,J1001)-1 -> 132 | L1001: =INDEX('Boundary table'!$B$3:$B$7,MATCH(J1001,'Boundary table'!$A$3:$A$7,1)) -> B | M1001: 86 | N1001: =RANK(M1001,$M$2:$M$1001,0)+COUNTIF($M$2:M1001,M1001)-1 -> 121 | O1001: =INDEX('Boundary table'!$B$3:$B$7,MATCH(M1001,'Boundary table'!$A$3:$A$7)) -> B | P1001: =Table1[[#This Row],[Math Score]]+Table1[[#This Row],[Reading Score]]+Table1[[#This Row],[Writing Score]] -> 249 | Q1001: =COUNTIF(Table1[[#This Row],[Math Score]],"<60")+COUNTIF(Table1[[#This Row],[Reading Score]],"<60")+COUNTIF(Table1[[#This Row],[Writing Score]],"<60") -> 0 | R1001: =IF(Table1[[#This Row],[Fail Count]]>=2,"At risk","OK") -> OK

Sheet Boundary table
A1: Boundary table
A2: Score | B2: Grade
A3: 0 | B3: F
A4: 60 | B4: D
A5: 70 | B5: C
A6: 80 | B6: B
A7: 90 | B7: A

Sheet Top 10 per subject
A1: Top 10 per subject
A2: Rank | B2: Math ID | C2: Math Score | D2: Reading ID | E2: Reading Score | F2: Writing ID | G2: Writing Score
A3: {=_xlfn.SEQUENCE(10)} -> 1 | B3: =INDEX(StudentsPerformance!$A$2:$A$1001,MATCH('Top 10 per subject'!A3,StudentsPerformance!$H$2:$H$1001,0)) -> Stu-150 | C3: =LARGE(StudentsPerformance!$G$2:$G$1001,'Top 10 per subject'!A3) -> 100 | D3: =INDEX(StudentsPerformance!$A$2:$A$1001,MATCH('Top 10 per subject'!A3,StudentsPerformance!$K$2:$K$1001,0)) -> Stu-107 | E3: =LARGE(StudentsPerformance!$J$2:$J$1001,'Top 10 per subject'!$A3) -> 100 | F3: =INDEX(StudentsPerformance!$A$2:$A$1001,MATCH('Top 10 per subject'!A3,StudentsPerformance!$N$2:$N$1001,0)) -> Stu-107 | G3: =LARGE(StudentsPerformance!$M$2:$M$1001,'Top 10 per subject'!$A3) -> 100
A4: 2 | B4: =INDEX(StudentsPerformance!$A$2:$A$1001,MATCH('Top 10 per subject'!A4,StudentsPerformance!$H$2:$H$1001,0)) -> Stu-452 | C4: =LARGE(StudentsPerformance!$G$2:$G$1001,'Top 10 per subject'!A4) -> 100 | D4: =INDEX(StudentsPerformance!$A$2:$A$1001,MATCH('Top 10 per subject'!A4,StudentsPerformance!$K$2:$K$1001,0)) -> Stu-115 | E4: =LARGE(StudentsPerformance!$J$2:$J$1001,'Top 10 per subject'!$A4) -> 100 | F4: =INDEX(StudentsPerformance!$A$2:$A$1001,MATCH('Top 10 per subject'!A4,StudentsPerformance!$N$2:$N$1001,0)) -> Stu-115 | G4: =LARGE(StudentsPerformance!$M$2:$M$1001,'Top 10 per subject'!$A4) -> 100
A5: 3 | B5: =INDEX(StudentsPerformance!$A$2:$A$1001,MATCH('Top 10 per subject'!A5,StudentsPerformance!$H$2:$H$1001,0)) -> Stu-459 | C5: =LARGE(StudentsPerformance!$G$2:$G$1001,'Top 10 per subject'!A5) -> 100 | D5: =INDEX(StudentsPerformance!$A$2:$A$1001,MATCH('Top 10 per subject'!A5,StudentsPerformance!$K$2:$K$1001,0)) -> Stu-150 | E5: =LARGE(StudentsPerformance!$J$2:$J$1001,'Top 10 per subject'!$A5) -> 100 | F5: =INDEX(StudentsPerformance!$A$2:$A$1001,MATCH('Top 10 per subject'!A5,StudentsPerformance!$N$2:$N$1001,0)) -> Stu-166 | G5: =LARGE(StudentsPerformance!$M$2:$M$1001,'Top 10 per subject'!$A5) -> 100
A6: 4 | B6: =INDEX(StudentsPerformance!$A$2:$A$1001,MATCH('Top 10 per subject'!A6,StudentsPerformance!$H$2:$H$1001,0)) -> Stu-624 | C6: =LARGE(StudentsPerformance!$G$2:$G$1001,'Top 10 per subject'!A6) -> 100 | D6: =INDEX(StudentsPerformance!$A$2:$A$1001,MATCH('Top 10 per subject'!A6,StudentsPerformance!$K$2:$K$1001,0)) -> Stu-166 | E6: =LARGE(StudentsPerformance!$J$2:$J$1001,'Top 10 per subject'!$A6) -> 100 | F6: =INDEX(StudentsPerformance!$A$2:$A$1001,MATCH('Top 10 per subject'!A6,StudentsPerformance!$N$2:$N$1001,0)) -> Stu-180 | G6: =LARGE(StudentsPerformance!$M$2:$M$1001,'Top 10 per subject'!$A6) -> 100
A7: 5 | B7: =INDEX(StudentsPerformance!$A$2:$A$1001,MATCH('Top 10 per subject'!A7,StudentsPerformance!$H$2:$H$1001,0)) -> Stu-626 | C7: =LARGE(StudentsPerformance!$G$2:$G$1001,'Top 10 per subject'!A7) -> 100 | D7: =INDEX(StudentsPerformance!$A$2:$A$1001,MATCH('Top 10 per subject'!A7,StudentsPerformance!$K$2:$K$1001,0)) -> Stu-180 | E7: =LARGE(StudentsPerformance!$J$2:$J$1001,'Top 10 per subject'!$A7) -> 100 | F7: =INDEX(StudentsPerformance!$A$2:$A$1001,MATCH('Top 10 per subject'!A7,StudentsPerformance!$N$2:$N$1001,0)) -> Stu-378 | G7: =LARGE(StudentsPerformance!$M$2:$M$1001,'Top 10 per subject'!$A7) -> 100
A8: 6 | B8: =INDEX(StudentsPerformance!$A$2:$A$1001,MATCH('Top 10 per subject'!A8,StudentsPerformance!$H$2:$H$1001,0)) -> Stu-917 | C8: =LARGE(StudentsPerformance!$G$2:$G$1001,'Top 10 per subject'!A8) -> 100 | D8: =INDEX(StudentsPerformance!$A$2:$A$1001,MATCH('Top 10 per subject'!A8,StudentsPerformance!$K$2:$K$1001,0)) -> Stu-382 | E8: =LARGE(StudentsPerformance!$J$2:$J$1001,'Top 10 per subject'!$A8) -> 100 | F8: =INDEX(StudentsPerformance!$A$2:$A$1001,MATCH('Top 10 per subject'!A8,StudentsPerformance!$N$2:$N$1001,0)) -> Stu-404 | G8: =LARGE(StudentsPerformance!$M$2:$M$1001,'Top 10 per subject'!$A8) -> 100
A9: 7 | B9: =INDEX(StudentsPerformance!$A$2:$A$1001,MATCH('Top 10 per subject'!A9,StudentsPerformance!$H$2:$H$1001,0)) -> Stu-963 | C9: =LARGE(StudentsPerformance!$G$2:$G$1001,'Top 10 per subject'!A9) -> 100 | D9: =INDEX(StudentsPerformance!$A$2:$A$1001,MATCH('Top 10 per subject'!A9,StudentsPerformance!$K$2:$K$1001,0)) -> Stu-459 | E9: =LARGE(StudentsPerformance!$J$2:$J$1001,'Top 10 per subject'!$A9) -> 100 | F9: =INDEX(StudentsPerformance!$A$2:$A$1001,MATCH('Top 10 per subject'!A9,StudentsPerformance!$N$2:$N$1001,0)) -> Stu-459 | G9: =LARGE(StudentsPerformance!$M$2:$M$1001,'Top 10 per subject'!$A9) -> 100
A10: 8 | B10: =INDEX(StudentsPerformance!$A$2:$A$1001,MATCH('Top 10 per subject'!A10,StudentsPerformance!$H$2:$H$1001,0)) -> Stu-115 | C10: =LARGE(StudentsPerformance!$G$2:$G$1001,'Top 10 per subject'!A10) -> 99 | D10: =INDEX(StudentsPerformance!$A$2:$A$1001,MATCH('Top 10 per subject'!A10,StudentsPerformance!$K$2:$K$1001,0)) -> Stu-547 | E10: =LARGE(StudentsPerformance!$J$2:$J$1001,'Top 10 per subject'!$A10) -> 100 | F10: =INDEX(StudentsPerformance!$A$2:$A$1001,MATCH('Top 10 per subject'!A10,StudentsPerformance!$N$2:$N$1001,0)) -> Stu-567 | G10: =LARGE(StudentsPerformance!$M$2:$M$1001,'Top 10 per subject'!$A10) -> 100
A11: 9 | B11: =INDEX(StudentsPerformance!$A$2:$A$1001,MATCH('Top 10 per subject'!A11,StudentsPerformance!$H$2:$H$1001,0)) -> Stu-264 | C11: =LARGE(StudentsPerformance!$G$2:$G$1001,'Top 10 per subject'!A11) -> 99 | D11: =INDEX(StudentsPerformance!$A$2:$A$1001,MATCH('Top 10 per subject'!A11,StudentsPerformance!$K$2:$K$1001,0)) -> Stu-567 | E11: =LARGE(StudentsPerformance!$J$2:$J$1001,'Top 10 per subject'!$A11) -> 100 | F11: =INDEX(StudentsPerformance!$A$2:$A$1001,MATCH('Top 10 per subject'!A11,StudentsPerformance!$N$2:$N$1001,0)) -> Stu-686 | G11: =LARGE(StudentsPerformance!$M$2:$M$1001,'Top 10 per subject'!$A11) -> 100
A12: 10 | B12: =INDEX(StudentsPerformance!$A$2:$A$1001,MATCH('Top 10 per subject'!A12,StudentsPerformance!$H$2:$H$1001,0)) -> Stu-307 | C12: =LARGE(StudentsPerformance!$G$2:$G$1001,'Top 10 per subject'!A12) -> 99 | D12: =INDEX(StudentsPerformance!$A$2:$A$1001,MATCH('Top 10 per subject'!A12,StudentsPerformance!$K$2:$K$1001,0)) -> Stu-595 | E12: =LARGE(StudentsPerformance!$J$2:$J$1001,'Top 10 per subject'!$A12) -> 100 | F12: =INDEX(StudentsPerformance!$A$2:$A$1001,MATCH('Top 10 per subject'!A12,StudentsPerformance!$N$2:$N$1001,0)) -> Stu-904 | G12: =LARGE(StudentsPerformance!$M$2:$M$1001,'Top 10 per subject'!$A12) -> 100

Sheet Test Prep Impact
A1: Test Prep Impact
A2: Subject | B2: Completed | C2: None | D2: %Lift
A3: Math | B3: =AVERAGEIF(StudentsPerformance!F2:F1001,"Completed",StudentsPerformance!G2:G1001) -> 69.695531 | C3: =AVERAGEIF(StudentsPerformance!F2:F1001,"None",StudentsPerformance!G2:G1001) -> 64.077882 | D3: =(B3-C3)/C3 -> 0.087669083
A4: Reading | B4: =AVERAGEIF(StudentsPerformance!F2:F1001,"Completed",StudentsPerformance!J2:J1001) -> 73.893855 | C4: =AVERAGEIF(StudentsPerformance!F2:F1001,"None",StudentsPerformance!J2:J1001) -> 66.534268 | D4: =(B4-C4)/C4 -> 0.11061348
A5: Writing | B5: =AVERAGEIF(StudentsPerformance!F2:F1001,"Completed",StudentsPerformance!M2:M1001) -> 74.418994 | C5: =AVERAGEIF(StudentsPerformance!F2:F1001,"None",StudentsPerformance!M2:M1001) -> 64.504673 | D5: =(B5-C5)/C5 -> 0.15369928

Sheet Parental education correlation
A1: PARENTAL EDUCATION CORRELATION
A2: Educational Level | B2: Average Score | C2: Rank
A3: {=_xlfn._xlws.SORT(_xlfn.UNIQUE(StudentsPerformance!D2:D1001))} -> Associate's Degree | B3: =AVERAGEIF(Table1[Parental Level Of Education],'Parental education correlation'!A3,Table1[Total Score]) -> 208.70721 | C3: =RANK(B3,$B$3:$B$8,0) -> 3
A4: Bachelor's Degree | B4: =AVERAGEIF(Table1[Parental Level Of Education],'Parental education correlation'!A4,Table1[Total Score]) -> 215.77119 | C4: =RANK(B4,$B$3:$B$8,0) -> 2
A5: High School | B5: =AVERAGEIF(Table1[Parental Level Of Education],'Parental education correlation'!A5,Table1[Total Score]) -> 189.29082 | C5: =RANK(B5,$B$3:$B$8,0) -> 6
A6: Master's Degree | B6: =AVERAGEIF(Table1[Parental Level Of Education],'Parental education correlation'!A6,Table1[Total Score]) -> 220.79661 | C6: =RANK(B6,$B$3:$B$8,0) -> 1
A7: Some College | B7: =AVERAGEIF(Table1[Parental Level Of Education],'Parental education correlation'!A7,Table1[Total Score]) -> 205.4292 | C7: =RANK(B7,$B$3:$B$8,0) -> 4
A8: Some High School | B8: =AVERAGEIF(Table1[Parental Level Of Education],'Parental education correlation'!A8,Table1[Total Score]) -> 195.32402 | C8: =RANK(B8,$B$3:$B$8,0) -> 5
A10: Students whose parents have a Master’s or Bachelor’s degree tend to have the highest average scores.
A15: “Used AVERAGEIFS and RANK to analyze the impact of parental education on student performance, uncovering a clear correlation between higher education levels and improved academic outcomes.”

Sheet Failing student alert system
A1: FAILING STUDENT ALERT SYSTEM
A2: =Table1[[#Headers],[Student ID]] -> Student ID | B2: =Table1[[#Headers],[Gender]] -> Gender | C2: =Table1[[#Headers],[Race/Ethnicity]] -> Race/Ethnicity | D2: =Table1[[#Headers],[Parental Level Of Education]] -> Parental Level Of Education | E2: =Table1[[#Headers],[Lunch]] -> Lunch | F2: =Table1[[#Headers],[Test Preparation Course]] -> Test Preparation Course | G2: =Table1[[#Headers],[Math Score]] -> Math Score | H2: =Table1[[#Headers],[Maths Rank]] -> Maths Rank | I2: =Table1[[#Headers],[Math Grade]] -> Math Grade | J2: =Table1[[#Headers],[Reading Score]] -> Reading Score | K2: =Table1[[#Headers],[Reading Rank]] -> Reading Rank | L2: =Table1[[#Headers],[Reading Grade]] -> Reading Grade | M2: =Table1[[#Headers],[Writing Score]] -> Writing Score | N2: =Table1[[#Headers],[Writing Rank]] -> Writing Rank | O2: =Table1[[#Headers],[Writing Grade]] -> Writing Grade | P2: =Table1[[#Headers],[Total Score]] -> Total Score | Q2: =Table1[[#Headers],[Fail Count]] -> Fail Count | R2: =Table1[[#Headers],[Flag]] -> Flag
A3: {=_xlfn._xlws.FILTER(Table1[],Table1[Fail Count]>=2,"No at Risk Student")} -> Stu-004 | B3: Male | C3: Group A | D3: Associate's Degree | E3: Free/Reduced | F3: None | G3: 47 | H3: 894 | I3: F | J3: 57 | K3: 792 | L3: F | M3: 44 | N3: 931 | O3: F | P3: 148 | Q3: 3 | R3: At risk
A4: Stu-008 | B4: Male | C4: Group B | D4: Some College | E4: Free/Reduced | F4: None | G4: 40 | H4: 951 | I4: F | J4: 43 | K4: 952 | L4: F | M4: 39 | N4: 969 | O4: F | P4: 122 | Q4: 3 | R4: At risk
A5: Stu-010 | B5: Female | C5: Group B | D5: High School | E5: Free/Reduced | F5: None | G5: 38 | H5: 965 | I5: F | J5: 60 | K5: 726 | L5: D | M5: 50 | N5: 877 | O5: F | P5: 148 | Q5: 2 | R5: At risk
A6: Stu-011 | B6: Male | C6: Group C | D6: Associate's Degree | E6: Standard | F6: None | G6: 58 | H6: 710 | I6: F | J6: 54 | K6: 841 | L6: F | M6: 52 | N6: 840 | O6: F | P6: 164 | Q6: 3 | R6: At risk
A7: Stu-012 | B7: Male | C7: Group D | D7: Associate's Degree | E7: Standard | F7: None | G7: 40 | H7: 952 | I7: F | J7: 52 | K7: 872 | L7: F | M7: 43 | N7: 939 | O7: F | P7: 135 | Q7: 3 | R7: At risk
A8: Stu-015 | B8: Female | C8: Group A | D8: Master's Degree | E8: Standard | F8: None | G8: 50 | H8: 851 | I8: F | J8: 53 | K8: 859 | L8: F | M8: 58 | N8: 733 | O8: F | P8: 161 | Q8: 3 | R8: At risk
A9: Stu-018 | B9: Female | C9: Group B | D9: Some High School | E9: Free/Reduced | F9: None | G9: 18 | H9: 998 | I9: F | J9: 32 | K9: 990 | L9: F | M9: 28 | N9: 992 | O9: F | P9: 78 | Q9: 3 | R9: At risk
A10: Stu-019 | B10: Male | C10: Group C | D10: Master's Degree | E10: Free/Reduced | F10: Completed | G10: 46 | H10: 905 | I10: F | J10: 42 | K10: 961 | L10: F | M10: 46 | N10: 914 | O10: F | P10: 134 | Q10: 3 | R10: At risk
A11: Stu-020 | B11: Female | C11: Group C | D11: Associate's Degree | E11: Free/Reduced | F11: None | G11: 54 | H11: 780 | I11: F | J11: 58 | K11: 764 | L11: F | M11: 61 | N11: 679 | O11: D | P11: 173 | Q11: 2 | R11: At risk
A12: Stu-023 | B12: Male | C12: Group D | D12: Some College | E12: Standard | F12: None | G12: 44 | H12: 925 | I12: F | J12: 54 | K12: 842 | L12: F | M12: 53 | N12: 823 | O12: F | P12: 151 | Q12: 3 | R12: At risk
A13: Stu-027 | B13: Male | C13: Group B | D13: Some College | E13: Standard | F13: None | G13: 69 | H13: 413 | I13: D | J13: 54 | K13: 843 | L13: F | M13: 55 | N13: 784 | O13: F | P13: 178 | Q13: 2 | R13: At risk
A14: Stu-034 | B14: Male | C14: Group D | D14: Some College | E14: Standard | F14: None | G14: 40 | H14: 953 | I14: F | J14: 42 | K14: 962 | L14: F | M14: 38 | N14: 971 | O14: F | P14: 120 | Q14: 3 | R14: At risk
A15: Stu-038 | B15: Female | C15: Group D | D15: Some High School | E15: Free/Reduced | F15: None | G15: 50 | H15: 852 | I15: F | J15: 64 | K15: 629 | L15: D | M15: 59 | N15: 720 | O15: F | P15: 173 | Q15: 2 | R15: At risk
... A273: Stu-997 | B273: Male | C273: Group C | D273: High School | E273: Free/Reduced | F273: None | G273: 62 | H273: 634 | I273: D | J273: 55 | K273: 840 | L273: F | M273: 55 | N273: 797 | O273: F | P273: 172 | Q273: 2 | R273: At risk
